{"temp-obs": 3.679951219264243, "temp-unparameterized": 3.442140593465002, "temp-ANN": 3.3422429933964417, "temp-MEKE-Chang": 3.3728002115996145, "KE-unparameterized": 2.721916443209208, "APE-unparameterized": 3.880766853530472, "KE-ANN": 3.9054452982347043, "APE-ANN": 3.6427134435923083, "KE-MEKE-Chang": 3.597673811836249, "APE-MEKE-Chang": 3.6433594199240464, "ACC-obs": 173.3, "ACC-unparameterized": 154.56248474121094, "ACC-ANN": 126.55327606201172, "ACC-MEKE-Chang": 126.72998809814453, "AMOC-obs": 16.84878044785657, "AMOC-unparameterized": 15.419949376573609, "AMOC-ANN": 13.19164166670173, "AMOC-MEKE-Chang": 13.851562410056479}